{
    "loss": 2.30977201461792,
    "accuracy": 0.10303030163049698
}
